id,Country,State,City,Location1,Location2,Location3,,,
1294095131834847233,USA,TX,Houston,,,,,,
975069039218307072,USA,PA,Philadelphia,,,,,,
1271040305517617152,USA,CA,San Jose,,,,,,
1522116045279928320,USA,CA,San Jose,,,,,,
1166720606408036352,USA,NY,New York City,,,,,,
772554912697815045,USA,,,,,,,,
970833147511300096,USA,IL,Chicago,,,,,,
931361748719824897,USA,NY,New York City,,,,,,
1015795232422670336,USA,,Washington DC,,,,,,
56813667,USA,,,,,,,,
1143879645592530944,Qatar,,,,,,,,
1464634353917509636,USA,CA,Los Angeles,,,,,,
1584684618862690304,USA,NY,New York City,,,,,,
1542069756441726976,USA,TX,Houston,,,,,,
1229838727981207553,USA,PA,Philadelphia,,,,,,
926351687194996736,USA,CA,San Diego,,,,,,
923185206680461312,USA,AZ,Phoenix,,,,,,
1034080588574031873,USA,CA,San Jose,,,,,,
2763854699,South Africa,,Cape Town,,,,,,
931737330276290560,USA,,,,,,,,
826075421720539136,India,,New Delhi,,,,,,
784466796183220224,UK,Scotland,,,,,,,
1329458741687808008,USA,TX,Dallas,,,,,,
2491813267,USA,NY,,Castleton,on,Hudson,,,
3319050588,USA,CA, San Diego,San,Diego,,,,
809362912166944768,USA,CA, San Diego,San,Diego,,,,
1324308222828781569,USA,TX, Dallas,Dallas,,,,,
450555578,India,Mathura,New Delhi,New,Delhi,,,,
976374187609608192,USA,PA, Philadelphia,Philadelphia,,,,,
905191514,USA,WA., Seattle,Seattle,,,,,
908754389195558912,USA,TX, Houston,Houston,,,,,
970659652936515584,USA,CA, San Diego,San,Diego,,,,
1490542953328173056,USA,AZ, Phoenix,Phoenix,,,,,
425165327,Ireland,,,Ireland,,,,,
1532625850398654464,USA,CA, Los Angeles,Los,Angeles,,,,
1521869290118467584,USA,IL, Chicago,Chicago,,,,,
983613072785813505,USA,TX, Houston,Houston,,,,,
1524810449212129280,USA,CA, Los Angeles,Los,Angeles,,,,
825879024555528192,USA,CA, Los Angeles,Los,Angeles,,,,
1004253405282328577,USA,CA, San Diego,San,Diego,,,,
908947985970610176,USA,CA, Los Angeles,Los,Angeles,,,,
1483764595655430145,USA,CA, San Diego,San,Diego,,,,
968450114179153921,USA,NY, New York City,New,York,City,,,
819968859591606273,USA,TX , San Antonio,San,Antonio,,,,
708771506998939650,USA,PA, Philadelphia,Philadelphia,,,,,
923204835230416898,USA,TX , San Antonio,San,Antonio,,,,
911454705292685313,Bangladesh,, Chittagong,,,,,,
787859802936320000,Bangladesh,, Dacca,,,,,,
961572158316019712,USA,TX, Houston,Houston,,,,,
1490624143699726336,USA,CA, San Jose,San,Jose,,,,
852098436782587904,USA,AZ, Phoenix,Phoenix,,,,,
1041894947585052673,USA,PA, Philadelphia,Philadelphia,,,,,
913915539772211202,USA,AZ, Phoenix,Phoenix,,,,,
903197223705501696,USA,CA, Los Angeles,Los,Angeles,,,,
841296886539702272,USA,CA, San Jose,San,Jose,,,,
23629150,New Zealand,,,,,,,,
1536788606089670656,Malaysia,,,,,,,,
790528812505141248,USA,TX , San Antonio,San,Antonio,,,,
1489645853329575943,USA,CA, San Diego,San,Diego,,,,
794937834226458624,USA,IL, Chicago,Chicago,,,,,
1012589610994552834,USA,CA, San Jose,San,Jose,,,,
962582928906579969,USA,AZ, Phoenix,Phoenix,,,,,
898567378983829504,USA,PA, Philadelphia,Philadelphia,,,,,
1382449358210277377,Canada,Ontario, Toronto,Toronto,,,,,
1472953294754512899,Canada,, Toronto ,Carcosa...,,,,,
1565331121646215169,Canada,, Ottawa,Toronto,,,,,
1389946860828299268,Canada,,Ottawa,Ottawa,,,,,
345482191,USA,CA ,Redding,Redding,,,,,
1302896034260168706,South Korea,Ulsan,,South,korea,,,,
2800143476,Canada,Saskatchewan, Regina,Regina,,,,,
124279999,Canada,Ontario, Guelph,,,,,,
385745392,Canada, Newfoundland ,,,,,,,
49165172,Canada,ON, St. Catharines,St.,Catharines,,,,
3433587614,Turkey,, Istanbul,Istanbul,,,,,
3155766909,USA,AR, Rogers,Rogers,,,,,
1575896693169586177,Brazil,Brasil,,Irani,,,,,
3279034640,Canada,Alberta, Calgary,Calgary,,,,,
21421397,Canada,, Toronto,Toronto,,,,,
1396604901162168322,USA,MS, Frogtown,Frogtown,,,,,
3296891708,Norway,,,,,,,,
1571535756,USA,, Eugene,,,,,,
1389311147803807746,UK,Essex, Chadwell St Mary,Chadwell,St,Mary,,,
16914946,Canada,,,Alberta,,,,,
601373074,USA,Brooklyn,,Brownsville,,,,,
523559327,Canada,,,Alberta,,,,,
1544263290196561920,Afghanistan,,,Afghanistan,,,,,
1495521577047367680,USA,NC, Charlotte,Charlotte,,,,,
15260722,USA,FL,,NYC,&,St.,Petersburg,,
1573249744394223617,Iran,,,Iran,,,,,
1320960119006502912,USA,USA,,Ohio,,,,,
102449083,South Africa,,,South,Africa,,,,
1225698736854036480,Denmark,,,Denmark,-,The,High,North,
1584310361372729344,Portugal,Portugal,,Sines,,,,,
528167757,USA,USA,,Tennessee,,,,,
1089912583795212289,USA,, New York,New,York,,,,
305818642,USA,Colorado, Windsor,Windsor,,,,,
1555135230746529792,Kenya,Kenya, Nairobi,Nairobi,,,,,
1579908238904070149,Germany,Germany, Plauen,Plauen,,,,,
575954382,USA,CA, Berkeley,Berkeley,,,,,
914740242233610240,Canada,, Victoria,Victoria,,,,,
3170442088,Canada,Canada, Toronto,Toronto,,,,,
3318607521,South Africa,, Cape Town,Cape,Town,,,,
2704829724,USA,NC, Charlotte,Charlotte,,,,,
33947812,UK,,,london/maidstone,,,,,
44315568,Spain,Espa√±a,,Barcelona,,,,,
1131932332968022017,USA,USA,,Maryland,,,,,
879497098600873986,USA,,,W,PA,,,,
892527331650056192,USA,,,Montana,,,,,
272048679,Malaysia,,,Johore,,,,,
1270105085138407429,Spain,,,,,,,,
3121115589,Italy,,,Livorno,,,,,
1099975647202557952,Philippines,National Capital ,,Manila,City,,,,
52069825,USA,California,,Menlo,Park,,,,
1590072020263489537,UK,England,,London,,,,,
38050918,USA,,,Arizona,,,,,
1587505767103725568,USA,,,Somewhere,in,Alaska,,,
3628478896,Nigeria,,,,,,,,
1454732780504424449,Spain,,,Castillo,vagabundo,de,Howl,,
2414872573,Serbia,Novi Sad,Petrovaradin,,,,,,
1044565864975093760,Nigeria,,,Lagos,,,,,
1243870687,Senegal,,,Senegal,,,,,
2812283375,Brazil,,,Rio,de,Janeiro,,,
1022957540626259968,USA,,,Arizona,,,,,
735400012457381888,UK,Royaume-Uni,,Angleterre,,,,,
2857918185,UK,Royaume-Uni,,Angleterre,,,,,
111428078,Canada,BC,,Victoria,,,,,
3432948783,UK,England,,Plymouth,,,,,
797748498292756481,Nigeria,Ogun State,,,,,,,
882401831367962624,Nigeria,,,Nigeria,,,,,
1066392792715399171,Palestine,,,Palestine,,,,,
893254537733169152,USA,USA,,New,York,,,,
1541693317972377601,Ethiopia,,,Ethiopian,,,,,
1173292987868221440,USA,Kentucky,,Lexington,,,,,
137844148,Spain,Andal,,,,,,,
1301709620629721092,Brazil,Br√©sil,,Alagoas,,,,,
18266592,USA,CA,,Currently,Joshua,Tree,,,
961879796958445568,Japan,,,Japan,,,,,
351851658,UK,England,,Leicester,,,,,
2578442060,Canada,Newfoundland,,Harbour,Grace,,,,
348672703,Nigeria,,,Nigeria,,,,,
19588360,UK,,,Ipswich,,,,,
1479300232487657475,USA,AZ,,Phoenix,,,,,
929849083921125376,Nigeria,,,Abuja,,,,,
106106241,Ireland,,,Ireland,,,,,
1250527728698380289,The Netherlands,,,The,Netherlands,,,,
789451360911626240,Turkey,Turkey,,Istanbul,,,,,
1280493906816380928,UK,,,Cornwall,,,,,
17706314,UK,Manchester,,Moston,,,,,
1307904053641314306,USA,,,Southern,California,,,,
27744104,USA,Maryland,,Baltimore,,,,,
1108123560923418624,Peru,Peru,,Lima,,,,,
1362829396294266880,USA,,,United,States,,,,
625070121,USA,,,,,,,,
475467481,USA,AZ,,Tucson,,,,,
19803416,USA,Texas,,Corsicana,,,,,
1130296729453117441,USA,MA,,Boston,,,,,
1327988253840920576,India,India,,Pune,,,,,
171253181,Canada,,,Vancouver,,,,,
20030116,Canada,Ontario,,Toronto,,,,,
502827003,Spain,,,Barcelona,,,,,
1024509646051192832,Nigeria,Nigeria,,Lagos,,,,,
418410620,USA,,,LANDOFTHEFREEHOMEOFTHEBRAVE,,,,,
1486396851163119616,USA,,,Chupacabra,ranch,-,Comstock,TX,
1385421320876351488,USA,NY,,Yonkers,,,,,
1593224094,USA,TN/NC,,Cherokee,National,Forest,,,
483558523,USA,,,New,York,City,,,
949146217711263744,USA,,,Bronx,ny,,,,
1250032712,UK,England,,North,West,,,,
281740624,Ireland,,,Ireland,,,,,
1148367807198969857,Germany,,,Germany,,,,,
30103870,USA,FL,,Winter,Springs,,,,
974477197,Canada,Alberta,Stirling,,,,,,
19555231,USA,Chicago,,Hyde,Park,,,,
26079047,USA,VA,,Richmond,,,,,
370456473,USA,,,Florida,,,,,
1492323378493022211,USA,,,Tennessee,,,,,
1059286769550663680,USA,,,Florida,,,,,
249851984,USA,OK,,Oklahoma,City,,,,
19471205,USA,KY,,Louisville,,,,,
2883015027,UK,,,Edinburgh,,,,,
1206959168629985286,USA,PA,,Annville,,,,,
1542214758572511234,Nigeria,Nigeria,,Ijebu-Ode,,,,,
1150585235538509824,USA,USA,,Nevada,,,,,
132178318,USA,,,The,GARamid/Gray,Lake,,,
1572502848222396417,Nigeria,,,Nigeria,,,,,
369632971,UK,Hertfordshire,St. Albans,,,,,,
21930807,UK,UK,,East,Riding,of,Yorkshire,,
1520366231945101314,USA,,,Free,State,of,FL,,
1452262723157430273,Canada,ON,,Toronto,,,,,
3316357393,USA,USA,,Indiana,,,,,
1283402549995941889,UK,England,,East,Midlands,,,,
2701837987,India,,,India,,,,,
700107876820512768,USA,NYC,,Istanbul,,,,,
1457884559677272076,USA,GA,,Augusta,,,,,
1550670124784427009,USA,NC,,Boone,,,,,
784798052762673152,Pakistan,Pakistan,,Lahore,,,,,
1279930846053629953,UK,United Kingdom,,England,,,,,
1142929815915204608,Japan,,,JAPAN,,,,,
23246973,UK,,,UK,/,Helsinki,/,Boston,
1148030294743638017,Malaysia,,,Malaysia,,,,,
614372147,USA,,,City,of,Detroit,,,
450409352,New Zealand,,,Auckland,,,,,
2956199983,Canada,Manitoba,,Winnipeg,,,,,
1234483774781444102,USA,CA,,Compton,,,,,
1579470195298541569,Ghana,,,Kumasi,,,,,
2660374267,USA,IL,,Hainesville,,,,,
2331011791,USA,NY. Redondo Beach,,Manhattan,,,,,
1325263662,South Africa,,,Johannesburg,,,,,
194394058,USA,CA,,Los,Angeles,,,,
1569792088308613123,UK,United Kingdom,,England,,,,,
78625795,UK,,,Suffolk,,,,,
33636586,UK,,,London,,,,,
1444818988672995335,USA,USA,,Louisiana,,,,,
985283245574180864,Nigeria,,,Nigeria,,,,,
2151411331,USA,,,USA,,,,,
938702612848959489,Nigeria,Nigeria,,Abuja,,,,,
27948635,USA,Brooklyn.,,Greenpoint,,,,,
805968320042151936,Australia,,,,,,,,
4165377754,USA,USA,,Florida,,,,,
1570041582044200960,Columbia,D.C.,,Bogot√°,,,,,
65215093,USA,,,Los,Angeles/Texas,,,,
252396076,Australia,Victoria,,Melbourne,,,,,
2564140491,USA,USA,,Neverland,,,,,
2633122271,Vietnam,,,Vi√™tnam,,,,,
1224106989128544256,USA,OR,,Portland,,,,,
792186263142924288,El Salvador,El Salvador,,San,Salvador,,,,
3093080372,Nigeria,Lagos,,Enugu,,,,,
1578106090985857027,India,,,lndia,,,,,
31296988,USA,,,USA,Michigan,*,Florida,,
30695423,South Africa,,,South,africa,,,,
1591909638198513665,UK,,,United,Kingdom,,,,
1548793364128178178,USA,,,Ohio,,,,,
1580485390921879553,South Africa,Gauteng.,,Johannesburg,,,,,
365501987,USA,NC,,Charlotte,,,,,
1288101195693936642,Nigeria,Nigeria,,Lagos,,,,,
896345658,Nigeria,Abuja,,God‚Äôs,thought,,,,
745944138,Nigeria,,,Gombe,|,Abuja,,,
1279330646100447233,Nigeria,,,Ibadan,,,,,
1297387735557316608,Kenya,,Eldoret,,,,,,
1553818594974236675,Kenya,,,Nairobi,,,,,
791038844854530048,Nigeria,Nigeria,,Rijiyar,Zaki,,,,
1412901614021718019,South Africa,,Johannesburg ,Lenasia,,,,,
1509891962417160196,UK,,,East,London,,,,
136013285,USA,Wa.,,Marysville,,,,,
416170093,UK,Scotland,,Oban,,,,,
944410144519024640,USA,,,New,York,City,,,
1480848885945978888,New Zealand,,,Nouvelle-Z√©lande,,,,,
66686733,Nigeria,Nigeria,,Abeokuta,,,,,
23829035,Nigeria,,,Abuja,,,,,
965481252164956160,USA,OH,,Cleveland,,,,,
1429841540189499392,South Africa,,Cape Town,Cape,Town,,,,
1474514473599836170,Nigeria,,Lagos,Lagos,,,,,
1081351865684672514,USA,NY,,,,,,,
898485749674364928,Nigeria,,Lagos,,,,,,
978548073096937472,Nigeria,,Lagos,,,,,,
461368110,Switzerland,,,Switzerland,,,,,
1519095338270789632,USA,USA,,Montana,,,,,
3140544597,USA,MI,,East,Grand,Rapids,,,
593041454,USA,CA,,Corona,,,,,
151965668,USA,NY,,Troy,,,,,
1553452401339912193,USA,WI,,,,,,,
1289463132788752384,USA,MA,,Boston,,,,,
1509894804909527042,Kenya,Kenya ,,Nairobi,,,,,
1199891005866160128,Malta,,,Malta,,,,,
1162732068431958016,Nigeria,,,Nigeria,,,,,
991212449691992064,Kenya,Kenya,,Mombasa,,,,,
1267308655428472834,USA,GA,,Atlanta,,,,,
1142580474499534849,Nigeria,,,Nigeria,,,,,
2598357146,USA,ME,,Portland,,,,,
1579079577565003776,Nigeria,Nigeria,,Abuja,,,,,
1478665009215463424,USA,,,MT,,,,,
2745170855,Kenya,,,Kenyan,,,,,
1263798445997019142,Nigeria,Nigeria,,Lagos,,,,,
1015436659230375936,Kenya,Kenya,,Nairobi,,,,,
575692728,Kenya,,,Mikindani,Mombasa,,,,
1589033186071298049,UK,,,Royaume,du,Maroc,,,
1568788430,India,,Kishanganj,,,,,,
731537745860907008,Nigeria,,,Nigeria,,,,,
3394607787,USA,PA,,Erie,,,,,
222857041,USA,MN,,Edina,,,,,
2944167002,USA,KY,,Louisville,,,,,
860184781,USA,USA,,Tennessee,,,,,
1093898661917011968,USA,USA,,Texas,,,,,
1301920782038134784,The Netherlands,,,Groningen,,,,,
1502158751062630400,UK,England,,North,East,,,,
735402450,Canada,Saskatchewan,,Red,Earth,29,,,
1309743820481998850,Germany,Allemagne,,Berlin,,,,,
1311097616839700482,USA,CA,,Redding,,,,,
1519714315791708161,USA,USA,,Florida,,,,,
179819182,USA,FL,,Tampa,,,,,
1541860322763542528,USA,USA,,Illinois,,,,,
3733074498,USA,,,Texas,,,,,
1427099623441801216,USA,,,USA,,,,,
1355305730887331840,India,India,,Guna,,,,,
283729215,USA,,,Murica,,,,,
2272090256,USA,TX,,Stafford,,,,,
1224960773895618560,USA,,,Pennsylvania,,,,,
1595134239699353611,USA,Los Angeles,,Mar,Vista,,,,
1488091558813569025,UK,,,Liverpool,,,,,
1275382860,USA,Puerto Rico,,,,,,,
235147059,Kenya,Kenya,,Kiambu,,,,,
1652192167,Kenya,Kenya,,Nairobi,,,,,
1441459815377563652,India,,,Hyderabad,,,,,
869417417327480832,USA,,,San,Francisco,,,,
1331061149417107456,USA,,,United,States,,,,
1173525207908323328,USA,OK,,Bartlesville,,,,,
1466651412981374978,USA,CA,,Huntington,Beach,,,,
35756948,USA,,,USA,-,Take,Feckless,Mask,Off
4172368283,USA,,,New,York,City,,,
1103627522955202561,South Africa,South Africa,,Johannesburg,,,,,
137807409,UK,,,London,,,,,
2282270222,Nigeria,,Enugu,,,,,,
3382030115,Kenya,,,kenya,,,,,
1588935948305256448,USA,AL,,Tuscaloosa,,,,,
900253552463032320,Germany,,,Bei,Berlin,,,,
718834296669077504,Germany,,,HHU,D√ºsseldorf,,,,
1511420063810785290,USA,,,MI,,,,,
1582131060653010944,USA,TX,,Georgetown,,,,,
1031642965029126145,France,France,,Verneuil-sur-Seine,,,,,
2670076569,Ghana,,,Kumasi,,,,,
14532664,Thailand,,,Bangkok,,,,,
538170857,Nigeria,,,Lagos,,,,,
975378093970993152,USA,,,SoCal,,,,,
904926887247462401,Nigeria,,,Nigeria,,,,,
1645796845,UK,,,UK,US,,,,
61264934,Indonesia,Jawa Barat,Bandung,,,,,,
1414265901340372996,France,,,Tours,,,,,
3288705094,USA,,,Boston,,,,,
1579860318842503169,USA,OK,,Oklahoma,City,,,,
1747338542,USA,NY,,Brooklyn,,,,,
1577272027307597829,Turkey,Niƒüde,Ulukƒ±≈üla,,,,,,
1249740856967430144,Belgium,,,Brussels,,,,,
502000721,Indonesia,,,Tangerang,,,,,
1403885994680754176,USA,GA,,Augusta,,,,,
1407277459976998912,India,,,Noida,,,,,
1404315644879835138,USA,,,New,York,,,,
772852505529159680,USA,,,U.S.A.,,,,,
30193873,South Africa,,,Johannesburg,,,,,
1585526357567901696,South Africa,,,Vosloorus,,,,,
911258440382730240,Australia,,,Melbourne,,,,,
1592470587535941633,India,,Vadodara,,,,,,
2912957746,Nigeria,,Enugu,,,,,,
2163551056,Ghana,,,Accra,,,,,
885001795654873092,Nigeria,,,,,,,,
31779078,UK,,,Warwickshire,,,,,
3835425045,USA,,,Buffalo,NY,,,,
1559052283697975296,USA,KY,,Henderson,,,,,
1489790449640484864,USA,NY,,Brooklyn,,,,,
1585944936335249409,Canada,,,Canada,,,,,
1593230054443450369,USA,,,United,States,,,,
1518651353928806400,Germany,,,Germany,,,,,
1088546070647447554,Indonesia,,,Depok,,,,,
1585874836286758912,USA,NY,,Hyde,Park,,,,
1473650981078503437,Nigeria,Nigeria,,Abuja,,,,,
1561768678160572416,Bangladesh,,,Bangladesh,,,,,
1557589842392862720,USA,PA,Millersvile,,,,,,
1595111459440271362,Nigeria ,,,lagos,,,,,
1590697729356972033,Indonesia,,,Java,Occidental,,,,
362074920,Mauritius,,,,,,,,
1232350075621462018,USA,IN,,Indianapolis,,,,,
3026569511,USA,CA,,LA,,,,,
1586862829839306757,Italy,Umbria,Perugia,,,,,,
3073316169,USA,,,Chicago,,,,,
375292710,UK,United Kingdom,,England,,,,,
278977849,Japan,,,Japon,,,,,
339576418,USA,TN,,Chattanooga,,,,,
1474925453261492226,Ivory Coast,,Abidjan,,,,,,
972011992520318976,UK,,,Middle,England,,,,
1227926837470298112,Ukraine,,,Chernobyl,,,,,
178769737,USA,,,United,,,,,
1357398998,South Africa,,,South,Africa,,,,
42034114,Nigeria,,,,,,,,
2599006848,France,,,Rouen,,,,,
2230877682,USA,,,Hollywood,,,,,
878723990,USA,,,Pacific,Northwest,,,,
454939194,Sri Lanka,,,Sri,Lanka,,,,
1412454491287347200,USA,NY,,New,York,,,,
611524526,USA,,,Maryland,,,,,
2645948135,USA,TX,,Dallas,,,,,
3127449109,Ghana,,,Accra,,,,,
1537079611590201345,Nigeria,,,Nigeria,,,,,
1478754489611939841,USA,GA,,Atlanta,,,,,
816385507,USA,CA,,Calabasas,,,,,
1528657354811748352,Pakistan,,,Peshawar,,,,,
1417471318526734343,Canada,,,,,,,,
1519018093506301953,UK,United Kingdom,,Bristol,,,,,
901510624072450048,Uganda,,Kireka,,,,,,
1366877843527974912,USA,,,Idaho,,,,,
420529454,Nigeria,,,Nigeria,,,,,
873442087403872256,Lebanon,,,Beirut,,,,,
195267660,USA,NY,,Manhattan,,,,,
432114683,USA,Guam,,,,,,,
217474287,Nigeria,,,Lagos,,,,,
2991312988,USA,CA,,Rancho,Cordova,,,,
1246245727166173184,Canada,,,Toronto,,,,,
1397599081,USA,IL,,Chicago,,,,,
1461914065383698433,USA,,,Massachusetts,,,,,
1128802466688978944,USA,OH,,Cincinnati,,,,,
214400521,South Africa,,,South,Africa},,,,
1374494849685065734,USA,MD,,Bethesda,,,,,
395646798,Ethiopia,,,Ethiopian},,,,,
16059899,Mexico,,,Tijuana},,,,,
266099337,USA,SC,,West,Columbia,,,,
554418556,New Zealand,,,Aotearoa,|,New,Zealand},,
1430794507461742592,USA,,,La,Nouvelle-Orl√©ans},,,,
2316356275,USA,TX,,Dallas,,,,,
55634755,USA,LA,,Bossier,City,,,,
461360732,USA,MN (for now),,Lakeville,,,,,
970057029145583616,USA,,,Baltimore.},,,,,
1477672337373859848,Mexico,Sinaloa,Mazatlan,,,,,,
937760573365743616,USA,,,Florida,,,,,
1349136910510395392,Nigeria,,,nigeria},,,,,
1531161175,Nigeria,,,Ogun,,,,,
1586514732605112320,Argentina,,,Buenos,Aires,,,,
141870431,USA,CA,,Romoland,,,,,
1511379655202385923,USA,South Dakota,,St,Francis,,,,
2720131461,USA,,,U.S.,Citizen},,,,
1354000680491622400,USA,AK,Anchorage,,,,,,
1540005941420204034,UK,,,North,Wales,/,London,/,UK}
4846851059,USA,,,Ohio,,,,,
121243842,UK,England,,London,,,,,
455137159,USA,,,,,,,,
905452098107486208,USA,Texas,,Hell,,,,,
815461910795657216,USA,,,Georgia,,,,,
918649453808095233,USA,CA,,Santa,Cruz,,,,
17194257,USA,TN,,Knoxville,,,,,
1288560742917185538,USA,TX ,,San,Antonio,,,,
810473529665814528,Nigeria,,,Onitsha,,,,,
17097090,USA,NC,,Boone,,,,,
304575140,USA,Texas,,San,Antonio,,,,
41161995,USA,GA,,Atlanta,,,,,
1147488047656775680,USA,MN,,Minneapolis,,,,,
2790948405,USA,,,Portland,OR},,,,
1551465440,USA,IL,,Chicago,,,,,
1359891004145426436,USA,,,Vegas,,,,,
1475180533,UK,Scotland,,Procrastination,Town,,,,
1048883100753809408,Pakistan,,,Lahore,,,,,
228530136,Kenya,,,Nairobi,,,,,
1559994791651430400,USA,,,Maryland,,,,,
826532549518204935,Nigeria,,,Nigeria},,,,,
1555465111313211392,Kenya,,,Nairobi,,,,,
1297207077362958336,Canada,,,Toronto,,,,,
1129848049,Ethiopia,,,Oromia},,,,,
1418959212,USA,CA,,Los,Angeles,,,,
3010712156,Zambia,,,,,,,,
123560362,UK,Essex,Richmond,,,,,,
367166948,USA,WI,,,,,,,
1195551799303950336,UK,Kent,,,,,,,
64736207,USA,IL,,Chicago,,,,,
273732910,UK,,,Saddleworth,Greater,Manchester,,,
1188947703000002561,Canada,,,Canada,,,,,
1069746895650574336,UK,,,Whitehall,,,,,
3244619288,USA,NY,,Rochester,,,,,
1710909410,USA,GA,,Atlanta,,,,,
40874035,USA,CA,,San,Francisco,,,,
303304759,USA,WA,,Seattle,,,,,
736934141430616068,USA,TX,,Houston,,,,,
4519267396,UK,,,UK,,,,,
2951467943,USA,,,South,Carolina,,,,
18303259,Switzerland,,,Z√ºrich,Switzerland,,,,
383347938,USA,TX,,Allen,,,,,
1595134285664718849,USA,,,Jersey,,,,,
1012380076757999616,USA,,,United,States,,,,
436362270,Kenya,,,Nairobi,‚òπ,,,,
16960981,New Zealand,,Queenstown,,,,,,
1612681699,Vietnam,,,Viet,Nam,,,,
1276876805018968065,USA,TX,,Austin,,,,,
1213556947334549504,USA,IL,,Chicagoland,,,,,
15321408,USA,MI,,Ann,Arbor,,,,
955465869827674114,France,,,France,-,He,/,Him,
1352451605950386177,USA,NY,,Brooklyn,,,,,
851974004,USA,WA,,Seattle,,,,,
31579226,USA,,,Florida,,,,,
1238242409919598593,USA,MN,,Winona,,,,,
112961565,USA,or.,,Wilsonville,,,,,
4887216641,USA,,,üèûÔ∏èCarolinas‚û°Ô∏è,Vegas‚õ∞Ô∏èüé≤,,,,
1882680462,USA,,,Portland,Oregon,,,,
1509538072588865536,USA,UT,,Salt,Lake,City,,,
733385072435302400,USA,,,NJ,,,,,
793161180814708736,USA,,,United,States,,,,
4863079029,Canada,Ontario,Toronto,,,,,,
2805971736,Nigeria,,,Owerri,,,,,
1094248120265965568,USA,,,California,,,,,
914956623801733121,Canada,,,Nova,Scotia,,,,
26688322,Canada,Ontario,,Toronto,,,,,
420554142,USA,Missouri,,Liberty,,,,,
1253659543114002432,USA,,,United,States,,,,
1152213159941464064,Nigeria,,,Abuja,,,,,
357668552,USA,ON,,Toronto,,,,,
102693320,UK,,,Oxfordshire},,,,,
306928901,UK,England,,Stockton-on-Tees,,,,,
817761598278406148,France,,,France},,,,,
1431221129633574915,South Africa,,,Johannesburg,,,,,
149220881,USA,IN,,Indianapolis,,,,,
1209216199,USA,DC,,Washington,,,,,
786436129406930944,USA,SC,,Charleston,,,,,
1313768552374116354,USA,TX,,Fort,Worth,,,,
54271167,USA,,,Coastal,Georgia-USA},,,,
385347340,Ukraine,,,Kyiv,,,,,
949863390263984128,USA,AZ,,Phoenix,,,,,
19792963,USA,FL,,Orlando,,,,,
1373010725531234308,UKraine,London,,Docklands,,,,,
1520770905106006016,UKraine,,,Cardiff},,,,,
1272938731305971719,USA,TN,,Carthage,,,,,
2493572165,USA,,,New,Jersey},,,,
1512561912,Pakistan,,,Sahiwal,,,,,
1930081772,USA,LA,Saint Amant,,,,,,
934899790386794496,Thailand,,,Tha√Ølande},,,,,
1421894945561055235,USA,,,Philly},,,,,
23020850,South Africa,,,Durban,,,,,
1163250458242310144,UK,Scotland,,Aberdeen,,,,,
74976267,China,,,Guangzhou,China},,,,
1503602749740490753,USA,DC,,Washington,,,,,
1535618821654032384,USA,FL,,Naples,,,,,
1467445282187059207,Brazil,,,Brazil},,,,,
892033657,USA,,,Dallas,TX},,,,
194010918,USA,CA,,San,Francisco,,,,
4897650934,USA,,,USA,,,,,
17233163,USA,USA,,Arizona,,,,,
845397940348710912,UK,England,,Chester,,,,,
107537984,USA,CA,,Bae,Area,,,,
2986003535,Ukraine,,,,üá∫üá¶,Kyiv,,,
1513928084,USA,CO,,Denver,,,,,
1508110485845065728,USA,WA,,Seattle,,,,,
1372641625,Italy,,,pasiano,(PN),italy,,,
778895864,Canada,Newfoundland,Avondale,,,,,,
1067803490792194049,USA,,,Texas,,,,,
37779460,Greece,,,Greece,,,,,
20735597,USA,,,New,Jersey,,,,
247124103,Canada,Ontario,,London,,,,,
104299137,USA,Oh,,Cleveland,,,,,
45096435,Brazil,Brasil,,Jaguari√∫na,,,,,
58628774,USA,CA,,Rancho,Palos,Verdes,,,
849825365199474690,USA,,,Northeast,Minneapolis,,,,
32468665,USA,,,Cali,,,,,
63687427,USA,D.C.,,Washington,,,,,
18009561,USA,Idaho,,Boise,,,,,
2392035564,Jamaica,,,Kingston,,,,,
2355196619,USA,OR,,Portland,,,,,
1440635012,USA,CA,,Mountain,View,,,,
140647400,UK,London,Charlton,,,,,,
51547100,USA,Maryland USA,,Rockville,,,,,
3410982292,Mali,,Bamako,,,,,,
60453854,UK,GB ,,England,,,,,
1080608253501997057,Canada,,,Canada,,,,,
4734633338,USA,TX,,San,Antonio,,,,
1571516993819246593,Germany,Deutschland,,Berlin,,,,,
1464872771222224904,UK,,,Lincolnshire,Wolds,Riviera,üòé,,
1583544330299604997,USA,,,United,States,,,,
1014751753030569984,UK,Wales,,Chepstow,,,,,
853421990350209024,USA,NC,,Asheville,,,,,
1391984100165046273,Thailand,,,pattaya-thailand,,,,,
1309219041102397440,Kenya,,,Nairobi,,,,,
15099678,USA,OH,,Cleveland,,,,,
1417842142882435078,USA,,,nyc,,,,,
307472510,USA,CA,,Los,Angeles,,,,
954215337549017088,USA,TX,,San,Antonio,,,,
774040748228485124,Ghana,Ghana,,Cape,Coast,,,,
44324795,USA,,,Louisiana,,,,,
350926336,UK,England,,Eastbourne,,,,,
168482605,USA,IN,San Pierre,,,,,,
994068783106019328,Canada,,,Treaty,1,Territory,(Winnipeg),,
2831226093,UK,Exeter,,St,James,Park,,,
1563284492571529217,USA,,,Pennsylvania},,,,,
275665331,South Africa,,,Johannesburg,,,,,
906612331,South Africa,,,Cape,Town},,,,
19191838,USA,LA,,New,Orleans,,,,
1327243603018735617,Chile,,,chile},,,,,
164448571,Canada,Manitoba,,Winnipeg,,,,,
1146136945346654209,UK,England,,Manchester,,,,,
50713155,UK,,,Hannei,UK},,,,
2210672052,USA,TX,,Houston,,,,,
147561402,USA,,,Pacific,Coast},,,,
1364693976578748422,Nigeria,Nigeria,,Ado,Ekiti,,,,
512455658,USA,PA,,Philadelphia,,,,,
985152358874218502,UK,Wales,Cardiff,,,,,,
2318270108,USA,,,Southern,CA,&,@oshcoy,on,Gab}
1482202524149075970,Kenya,Nairobi,,Stima,Plaza,,,,
1398974657517166599,USA,Texas,,Spring,Branch,,,,
1052976011975962626,USA,Delaware,,Wilmington,,,,,
1044630630682816513,Nigeria,,,Nigeria},,,,,
405776002,USA,CA,,Santa,Monica,,,,
1908383365,Canada,Ontario,,Ottawa,,,,,
433120880,India,,,India},,,,,
4390331,USA,CA,,Los,Angeles,,,,
66338988,USA,Maryland,,Ocean,City,,,,
1039297826612830209,USA,USA,,Maryland,,,,,
548562627,Canada,,,Canada},,,,,
44680219,USA,Alabama,,Clanton,,,,,
343990983,USA,il,,woodlawn,,,,,
414052454,Canada,Canada,,Ontario,,,,,
752577033729871872,UK,England,,London,,,,,
14948068,UK,West Yorkshire,Yorkshire,,,,,,
830048982,Canada,BC,,Chilliwack,,,,,
95834922,Canada,Canada,,Ontario,,,,,
1394751012590792706,Morocco,,,Morocco},,,,,
4052491047,USA,GA,,Atlanta,,,,,
973087261,USA,GA,,Atlanta,,,,,
1523281617535393792,Canada,,,Quebec,City},,,,
1292794305556500488,USA,,,,,,,,
1104610338,Iran,,,Iran},,,,,
420900119,UK,England,,Manchester,,,,,
15847994,USA,Georgia,,Atlanta,,,,,
733085131972300800,India,India,,Surat,,,,,
332011436,Haiti,,,in,Haiti,,,,
2546002871,UK,,,Liverpool},,,,,